Time_s,Fish_X,Fish_Y,BG_X,BG_Y,Rel_X,Rel_Y
0.03333334,720.7913,545.8063,560.6071,348.6334,160.1842,197.173
0.06666667,721.5488,553.979,555.4781,362.675,166.0707,191.304
0.1,721.2429,564.5911,551.9437,377.1081,169.2993,187.483
0.1333333,723.431,573.1297,548.9797,390.8156,174.4512,182.3141
0.1666667,725.1595,578.762,546.617,404.7772,178.5425,173.9848
0.2,726.6707,584.4078,544.9961,419.0345,181.6746,165.3733
0.2333333,729.55,586.0008,544.0181,433.8442,185.5319,152.1566
0.2666667,730.92,591.7173,543.6492,448.7664,187.2708,142.9509
0.3,730.3779,600.566,543.4316,463.7259,186.9463,136.8401
0.3333333,728.5628,607.6929,543.2086,477.8213,185.3542,129.8716
0.3666667,726.5427,612.8715,542.8052,490.6173,183.7375,122.2542
0.4,723.9976,616.4607,541.8014,502.3045,182.1962,114.1562
0.4333333,718.6989,621.3744,540.748,512.8682,177.9509,108.5062
0.4666667,713.531,624.0236,539.5662,522.2671,173.9648,101.7565
0.5,709.7927,610.2946,537.5992,529.8342,172.1935,80.46045
0.5333334,704.4651,611.9061,535.1823,536.4911,169.2829,75.41492
0.5666667,701.1971,604.3148,532.2238,542.3373,168.9734,61.97748
0.6,699.198,604.5662,529.5055,547.7798,169.6925,56.78638
0.6333333,699.248,604.3881,526.7357,552.6618,172.5123,51.72632
0.6666667,700.3683,602.3949,524.4721,557.2441,175.8962,45.15082
0.7,702.2802,600.0642,523.7064,562.0577,178.5738,38.00647
0.7333333,703.9911,597.2369,523.6453,566.8602,180.3458,30.37677
0.7666667,705.6985,593.463,524.9536,571.4673,180.7449,21.99567
0.8,707.0892,590.0074,527.3425,576.0714,179.7468,13.9361
0.8333333,707.9467,586.1198,531.1161,580.6945,176.8306,5.425354
0.8666667,709.3781,582.851,535.905,585.6128,173.4731,-2.76178
0.9,710.7972,580.5645,541.0342,590.6791,169.763,-10.11456
0.9333333,712.7536,578.4985,546.0595,596.0139,166.6941,-17.51544
0.9666666,714.0023,576.696,550.9953,601.1976,163.007,-24.50159
1,714.8672,575.917,554.967,606.369,159.9001,-30.45197
1.033333,715.5033,575.3366,558.52,611.2533,156.9833,-35.91669
1.066667,717.0304,575.4672,562.3683,617.031,154.6621,-41.56384
1.1,720.919,577.0496,567.4186,623.6252,153.5004,-46.57556
1.133333,724.8622,578.2092,572.2266,630.8169,152.6356,-52.60767
1.166667,728.5468,579.0666,576.5785,637.6093,151.9683,-58.54272
1.2,732.3674,579.2948,581.5081,644.167,150.8593,-64.87219
1.233333,736.701,579.8207,586.6287,651.6522,150.0724,-71.83148
1.266667,740.4318,580.0753,591.4123,659.1512,149.0195,-79.07599
1.3,744.8683,580.2529,596.8503,666.8177,148.0179,-86.56482
1.333333,748.0242,580.7697,602.8187,674.3419,145.2056,-93.57227
1.366667,751.2466,581.4865,608.3019,682.6894,142.9446,-101.2029
1.4,753.3861,582.8647,613.5494,691.2685,139.8367,-108.4038
1.433333,754.5588,584.3035,618.3881,699.5918,136.1707,-115.2883
1.466667,755.1453,585.8047,622.9105,707.7101,132.2347,-121.9054
1.5,754.7633,587.9136,627.1724,715.4691,127.5909,-127.5555
1.533333,755.4501,590.4377,630.7814,723.5963,124.6686,-133.1586
1.566667,756.9821,593.2715,634.4308,731.3318,122.5513,-138.0603
1.6,757.5918,594.8958,638.4899,739.7463,119.1019,-144.8505
1.633333,759.629,599.0355,642.7541,748.5938,116.8749,-149.5582
1.666667,763.121,605.3776,646.9815,758.2313,116.1395,-152.8536
1.7,765.659,613.4516,651.387,767.9844,114.272,-154.5328
1.733333,767.3926,618.2744,655.6745,778.0982,111.7181,-159.8238
1.766667,768.782,620.282,661.2827,788.2516,107.4993,-167.9696
1.8,770.058,622.9561,667.9622,799.1722,102.0958,-176.2162
1.833333,772.3474,625.0525,674.6235,808.8561,97.72394,-183.8036
1.866667,775.0418,628.1745,681.4301,817.5132,93.61176,-189.3387
1.9,778.7758,630.8467,689.0872,826.0156,89.68866,-195.1689
1.933333,780.8908,633.2815,695.9482,833.431,84.94263,-200.1495
1.966667,781.9915,635.8758,702.4127,840.7833,79.5788,-204.9075
2,782.0743,637.7853,709.1062,847.9246,72.96808,-210.1393
2.033333,781.9959,641.2776,715.1147,854.4354,66.88116,-213.1578
2.066667,781.5685,643.0086,720.9492,861.6733,60.61926,-218.6647
2.1,779.9728,645.3654,726.356,869.1331,53.61688,-223.7676
2.133333,778.5741,649.0193,731.9402,876.7144,46.63391,-227.695
2.166667,778.6947,650.3552,738.0383,884.6923,40.65637,-234.3372
2.2,775.6738,652.3353,744.259,892.1688,31.41479,-239.8335
2.233333,774.7161,652.7291,751.548,899.6782,23.16803,-246.9492
2.266667,775.0654,654.5479,759.5253,905.6812,15.5401,-251.1333
2.3,775.0234,654.8038,768.1318,910.646,6.891602,-255.8422
2.333333,772.7026,654.7759,775.5269,914.8776,-2.824219,-260.1016
2.366667,769.3548,655.9146,780.8075,919.7455,-11.4527,-263.8309
2.4,766.7719,656.219,784.9679,924.5888,-18.19604,-268.3698
2.433333,759.9704,656.7965,787.4815,930.1248,-27.51111,-273.3283
2.466667,752.8412,661.2412,788.1504,936.686,-35.3092,-275.4448
2.5,746.1631,666.642,787.7469,944.2714,-41.5838,-277.6294
2.533333,739.9315,673.0032,786.4282,952.6634,-46.4967,-279.6602
2.566667,731.6753,680.6891,782.9603,963.0067,-51.28497,-282.3175
2.6,721.67,687.9418,778.4132,973.3527,-56.74316,-285.4109
2.633333,710.3491,696.2028,772.8051,984.2395,-62.45599,-288.0367
2.666667,696.137,704.8669,765.7656,995.3318,-69.62854,-290.4649
2.7,681.0008,713.6866,757.3558,1005.716,-76.35498,-292.0298
2.733333,666.6651,721.8333,748.8418,1015.309,-82.1767,-293.476
2.766667,652.3947,730.9604,742.7173,1024.25,-90.32257,-293.2896
2.8,640.9183,737.012,738.3953,1032.188,-97.47699,-295.176
2.833333,632.9662,742.0027,735.8823,1039.957,-102.9161,-297.954
2.866667,629.3745,749.3431,735.4229,1047.321,-106.0484,-297.9783
2.9,628.7992,754.7709,736.6115,1054.725,-107.8123,-299.954
2.933333,631.4538,758.4404,739.3461,1062.568,-107.8923,-304.1276
2.966667,636.6376,760.7665,744.0859,1070.871,-107.4483,-310.1047
3,642.2784,764.457,750.7385,1079.799,-108.4601,-315.3422
3.033333,648.5407,769.2667,758.9325,1089.764,-110.3918,-320.4975
3.066667,652.2563,772.32,767.1947,1099.878,-114.9384,-327.5582
3.1,653.4936,774.6674,774.0913,1108.639,-120.5977,-333.9716
3.133333,649.3986,774.8967,779.6797,1117.331,-130.2811,-342.434
3.166667,643.5417,775.4896,782.4713,1124.182,-138.9296,-348.6929
3.2,637.8945,775.7016,785.5975,1131.401,-147.7031,-355.6993
3.233333,632.3986,776.8781,787.8723,1138.239,-155.4737,-361.3607
3.266667,625.9142,775.5836,789.4557,1144.135,-163.5416,-368.5516
3.3,619.9623,776.4849,790.3371,1149.34,-170.3748,-372.8552
3.333333,615.6513,774.1418,788.6444,1154.376,-172.9931,-380.2345
3.366667,613.4631,772.4326,788.6021,1158.758,-175.1389,-386.3253
3.4,611.991,771.9064,788.806,1162.279,-176.815,-390.3723
3.433333,610.701,772.2336,787.6118,1165.877,-176.9107,-393.6434
3.466667,610.7288,772.6022,785.501,1168.824,-174.7723,-396.2222
3.5,610.9857,774.1326,783.0636,1171.152,-172.0779,-397.0197
3.533333,610.0045,775.1934,779.7753,1173.59,-169.7708,-398.3963
3.566667,608.9412,775.78,775.8114,1176.433,-166.8702,-400.6526
3.6,606.2853,775.7164,771.7443,1179.409,-165.459,-403.6927
3.633333,602.7783,776.6915,768.964,1183.476,-166.1857,-406.7841
3.666667,598.3245,777.3688,765.5023,1187.816,-167.1779,-410.4469
3.7,593.7981,777.7443,763.8057,1193.076,-170.0076,-415.3314
3.733333,588.635,777.0783,761.8907,1198.323,-173.2557,-421.2452
3.766667,583.3229,776.3107,755.6951,1203.275,-172.3722,-426.9647
3.8,576.9722,774.1923,753.5552,1208.034,-176.5831,-433.8419
3.833333,571.5762,772.4819,752.925,1212.139,-181.3489,-439.6571
3.866667,568.3042,771.737,750.3745,1215.941,-182.0703,-444.2036
3.9,565.9662,771.1246,746.5923,1218.15,-180.6262,-447.0255
3.933333,565.0515,771.3228,747.6571,1219.599,-182.6056,-448.2764
3.966667,565.0688,772.3723,748.4759,1220.566,-183.407,-448.1939
4,564.9464,773.4122,748.1722,1221.34,-183.2258,-447.9281
4.033333,565.0661,775.219,748.4105,1222.583,-183.3444,-447.3636
4.066667,564.327,778.1445,747.2643,1224.682,-182.9373,-446.538
4.1,563.0887,781.0285,746.572,1228.262,-183.4832,-447.2335
4.133333,562.8903,784.7434,746.3149,1232.984,-183.4247,-448.2411
4.166667,562.7823,788.6047,746.8419,1238.81,-184.0595,-450.2056
4.2,561.5787,791.8275,747.3358,1245.192,-185.7571,-453.3648
4.233333,561.2712,793.8235,748.1812,1251.635,-186.9099,-457.8112
4.266667,562.4442,795.7695,748.9167,1257.199,-186.4725,-461.4296
4.3,562.8707,797.1824,749.5422,1262.207,-186.6715,-465.0242
4.333333,563.4627,798.6002,749.6039,1266.535,-186.1412,-467.9348
4.366667,561.1355,798.6405,749.1408,1270.027,-188.0053,-471.3866
4.4,560.0082,798.9858,748.9614,1273.337,-188.9532,-474.3511
4.433333,556.7803,798.8119,748.8898,1276.764,-192.1094,-477.9521
4.466667,556.8481,798.5098,749.3177,1279.386,-192.4695,-480.876
4.5,556.0063,798.5567,750.5927,1282.198,-194.5864,-483.6411
4.533333,557.1129,800.0387,751.3355,1284.241,-194.2226,-484.2028
4.566667,557.7889,801.8637,752.4638,1287.025,-194.6749,-485.1611
4.6,558.6059,803.8228,753.7208,1289.548,-195.1149,-485.725
4.633333,559.283,805.4817,755.3247,1292.517,-196.0417,-487.0353
4.666667,559.8334,807.302,757.4261,1295.684,-197.5927,-488.3818
4.7,561.2378,806.0527,759.3243,1298.647,-198.0865,-492.5945
4.733333,562.3104,808.8895,761.0694,1298.672,-198.759,-489.7823
4.766667,560.1743,809.6155,762.7244,1298.531,-202.5502,-488.9157
4.8,558.0952,809.154,764.3354,1299.872,-206.2402,-490.7183
4.833333,558.0618,809.022,766.1258,1300.441,-208.064,-491.4193
4.866667,558.3352,808.8152,764.6343,1301.106,-206.2991,-492.291
4.9,559.4951,808.3938,764.802,1303.917,-205.3069,-495.5236
4.933333,560.9608,807.9103,764.6654,1302.17,-203.7047,-494.2595
